X,Y,tourism,name,building,wikidata,wikipedia,historic,addr:street,addr:housenumber,addr:postcode,addr:city,website,start_date,height,addr:state,nycdoitt:bin,layer,ref:nrhp,wheelchair,attraction,operator,amenity,ship:type,ele,leisure,phone,alt_name,name:es,ref,building:levels,name:ru,building:colour,building:part,heritage,heritage:operator,name:ko,roof:shape,man_made,name:he,name:uk,roof:material,area,building:material,description,landuse,name:ja,name:zh,name:en,opening_hours,roof:colour,addr:housename,boundary,name:pl,natural,short_name,waterway,access,denomination,governance,internet_access,name:de,name_1,old_name,protect_class,protection_title,related_law,religion,site_ownership,type,addr:full,barrier,email,facility,fee,highway,image,internet_access:fee,level,min_height,name:be,name:da,name:fr,name:sk,network,office,railway,smoking,toilets:wheelchair,tourism_1,url
,,attraction,Abyssinian Baptist Church,yes,Q49254,,,Odell M Clarke Place,132,10030,,,,19.8,,1060013,,,,,,place_of_worship,,8,,,,,,,,,,,,,,,,,,,,,,,,,,,,,,,,,,baptist,,,,,,,,,christian,,,,,,,,,,,,,,,,,,,,,,,
,,attraction,Adirondack River Outfitters,,,,,,,,,,,,,,,,,,,,,,,,,,,,,,,,,,,,,,,,,,,,,,,,,,,,,,,,,,,,,,,,,,,,,,,,,,,,,,,,,,,,,,,
,,attraction,Adventure Landing,,,,,Ridge Road West,3340,14626,Rochester,,,,NY,,,,,,Adventure Landing,,,,,,,,,,,,,,,,,,,,,,,,,,,,,,,,,,,,,,,,,,,,,,,,,,,,,,,,,,,,,,,,,,,,,
,,attraction,Aermacchi MB339 PAN,yes,,,aircraft,,,,,,,,,,3,,,,,,,,,,,,,,,,,,,,,,,,,,,,,,,,,,,,,,,,,,,,,,,,,,,,,,,,,,,,,,,,,,,,,,,,,
,,attraction,Akwesasne Mohawk Casino,yes,Q4702020,,,New York 37,873,,Hogansburg,,,,,,,,,,,casino,,,,,,,,,,,,,,,,,,,,,,,,,,,,,,,,,,,,,,,,,,,,,,,,,,,,,,,,,,,,,,,,,,,,
,,attraction,Amazen' Maze,,,,,,,,,https://www.adventuresgovisland.com/,,,,,,,,,,,,,,,,,,,,,,,,,,,,,,,,,,,,,,,,,,,,,,,,,,,,,,,,,,,wall,,,,,,,,,,,,,,,,,,,
,,attraction,Amazing Amphibians,yes,,,,,,,,,,20.1,,2116680,1,,yes,animal,,,,,,,,,,,,,,,,,,,,,,,,,,,,,,,,,,,,,,,,,,,,,,,,,,,,,,,,,,,,,,,,,,,,,,
,,attraction,Ambrose,,Q7890707,en:United States lightship Ambrose (LV-87),ship,,,,,,1907,,,,,84002758,,,,,lightship,,,,,,LV-87,,,,,,,,,,,,,,,,,,,,,,,,,,,,,,,,,,,,,,,,,,,,,,,,,,,,,,,,,,,,,
,,attraction,American Falls,,Q1320475,en:American Falls,,,,,,,,34,,,,,,,,,,,,,,,,,Американский водопад,,,,,,,,,,,,,,,,,,,,,,Wodospad Amerykański,cliff,,waterfall,,,,,,,,,,,,,,,,,,,,,,,,,,,Niagarské vodopády,,,,,,,
,,attraction,ATCG Tower,,,,,,,,,,,,,,,,,,,,,,,,,,,,,,,,,,,,,,,,,,,,,,,,,,,,,,,,,,,,,,,,,,,,,,,,,,,,,,,,,,,,,,,
,,attraction,Auditorium Theater,yes,,,,Main Street East,885,14605,Rochester,,,,NY,,,,limited,,Rochester Broadway Theater League,theatre,,,,+1-585-222-5000,,,,,,,,,,,,,,,,,,,,,,,,,,,,,,,,,,,,Rochester Broadway Theater League,,,,,,,,,,,,,,,,6,,,,,,,,,,,,
,,attraction,Bear Creek Landing,retail,,,,NY-214,4360,12485,Tannersville,,,,NY,,,,,,,,,,miniature_golf,(518) 263-3839,,,,,,,,,,,,,,,,,,,,,,,,,,,,,,,,,,,,,,,,,,,,,,,,,,,,,,,,,,,,,,,,
,,attraction,Beekman Street Arts District,,,,,,,,,,,,,,,,,,,,,,,,,,,,,,,,,,,,,,,,,,,,,,,,,,,,,,,,,,,,,,,,,,,,,,,,,,,,,,,,,,,,,,,
,,attraction,Birds of Prey,yes,,,,,,,,,,8.3,,2000000,,,,animal,,,,,,,,,,,,,,,,,,,,,,,,,,,,,,,,,,,,,,,,,,,,,,,,,,,,,,,,,,,,,,,,,,,,,,
,,attraction,Blackwell House,yes,Q4923596,en:Blackwell House,yes,Main Street,500,10044,,,,10.6,,1083198,,,,,,,,,,,,,,,,,,,,,,,,,,,,,,,,,,,,,,,,,,,,,,,,,,,,,,,,,,,,,,,,,,,,,,,,,,
,,attraction,Bobsleds,,,,,Culver Road,4600,14622,Rochester,,,,NY,,,,,roller_coaster,Sea Breeze,,,,,,,,,,,,,,,,,,,,,,,,,,,,,,,,,scree,,,,,,,,,,,,,,,,,,,,,,,,,,,,,,,,,,,,
,,attraction,Boldt Castle,yes,Q891294,en:Boldt Castle,,,,,,http://www.boldtcastle.com,,,,,1,,,,,,,,,,,,,,,,,,,,,,,,,,,,,,,,,,,,,,,,,,,,,,,,,,,,,,,,,,,,,,,,,,,,,,,,,
,,attraction,Bow Bridge,,Q4950616,en:Bow Bridge (Central Park),,,,,,https://www.centralpark.com/things-to-do/attractions/bow-bridge/,,,,,1,,,,,,,,,,,,,,,,,,,,,bridge,,,,,,,,,,,,,,,,,,,,,,,,,,,,,,,,,,,,,,,,,,,,,,,,,,,,
,,attraction,Bridal Veil Falls,,Q511247,en:Bridal Veil Falls (Niagara Falls),,,,,,,,55,,,,,,,,,,,,,,,,,,,,,,,,,,,,,,,,,,,,,,,Wodospad Ślubny Welon,,,waterfall,,,,,,,,,,,,,,,,,,,,,,,,,,,,,,,,,,
,,attraction,Bridal Veil Falls,,Q511247,en:Bridal Veil Falls (Niagara Falls),,,,,,,,,,,,,,,,,,,,,,,,,"Водопад ""Фата""",,,,,,,,,,,,,,,,,,,,,,,cliff,,waterfall,,,,,,,,,,,,,,,,,,,,,,,,,,,,,,,,,yes,
,,attraction,Broad Street Bridge,,Q4971954,"en:Broad Street Bridge (Rochester, New York)",aqueduct,,,,,,1842,,,,,76001228,,,,,,,,,,,,,,,,2,nrhp,,,bridge,,,,,,,,,,,,,,,,,,,,,,,,,,,,,,,,,,,,,,,,,,,,,,,,,,,,
,,attraction,Brooklyn Bridge,,Q125006,en:Brooklyn Bridge,,,,,,,,,,,3,,,,,,,,,,,,,,Бруклинский мост,,,,,브루클린 교,,bridge,,,,,,,,,,,,,,,,,,,,,,,,,,,,,,,,,,,,,,,,,,Бруклінскі мост,,,,,,,,,,
,,attraction,Bryant Park,,Q995174,en:Bryant Park,,,,10018,New York,http://www.bryantpark.org,,,NY,,,,yes,,,,,20,park,,,,,,,,,,,브라이언트 공원,,,,,,,,,,ブライアントパーク,,,Mo-Su 07:00-23:00,,,,,,,,,,,,,,,,,,,,,Between 40th and 42nd Streets at 6th Avenue,,,,,,,,,,,,,,,,,,,,
,,attraction,Buffalo and Erie County Botanical Gardens,yes,,,,,,,,,,,,,,,,,,,,,,,,,,,,,,,,,,,,,,,,,,,,,,,,,,,,,,,,,,,,,,,,,,,,,,,,,,,,,,,,,,,,,,
,,attraction,Bug Carousel,roof,,,,,,,,,,11.0,,2000000,,,,,,,,,,,,,,,,,,,,,,,,,,,,,,,,,,,,,,,,,,,,,,,,,,,,,,,,,,,,,,,,,,,,,,,,,,
,,attraction,Bush-Lyon Homestead,,Q5001356,,manor,,,,,,,,,,,,,,,,,,,,,,,,,,,,,,,,,,,,,,,,,,,,,,,,,,,,,,,,,,,,,,,,,,,,,,,,,,,,,,,,,,,
,,attraction,Butterfly Garden,yes,,,,,,,,,,6.0,,2116703,,,,animal,,,,,,,,,,,,,,,,,,,,,,,,,,,,,,,,,,,,,,,,,,,,,,,,,,,,,,,,,,,,,,,,,,,,,,
,,attraction,carousel,yes,,,,,,,,,,,,,,,,,,,,,,,,,,,,,,,,,,,,,,,,,,,,,,,,,,,,,,,,,,,,,,,,,,,,,,,,,,,,,,,,,,,,,,
,,attraction,Carousel,yes,,,,,,,,,,,,,,,,,,,,,playground,,,,,,,,,,,,,,,,,,,,,,,,,,,,,,,,,,,,,,,,,,,,,,,,,,,,,,,,,,,,,,,,,
,,attraction,Carousel for All Ages,,,,,,,,,,,,,,,,,,,,,,,,,,,,,,,,,,,,,,,,,,,,,,,,,,,,,,,,,,,,,,,,,,,,,,,,,,,,,,,,,,,,,,,
,,attraction,Carter Giraffe Building,yes,,,,,,,,,,8.2,,2116681,,,,,,,,,,,,,,,,,,,,,,,,,,,,,,,,,,,,,,,,,,,,,,,,,,,,,,,,,,,,,,,,,,,,,,,,,,
,,attraction,Castle Clinton,yes,Q1049423,en:Castle Clinton,yes,Battery Place,10,10004,,,,7.8,,1077335,,66000537,,,,,,,,,,,,,,,,2,nrhp,,,,,,,,,,,,,,,,,,,,,,,,,,,,,,,,,,,,,,,,,,,,,,,,,,,,,,,
,,attraction,Cathedral of Saint John the Divine,yes,Q865655,en:Cathedral of Saint John the Divine,,Amsterdam Avenue,1047,10025,New York,https://www.stjohndivine.org/,,51.4,NY,1082706,,,,,,place_of_worship,,37,,,Cathedral Church of Saint John the Divine in the City and Diocese of New York,Catedral de St John the Divine,,,,,,,,,,,,,,,,,,,,,,,,,Katedra świętego Jana,,,,,episcopal,,,,,,,,,christian,,,,,,,,,,,,,,,,,,,,,,,
,,attraction,Cattaraugus County Fair,,,,,,,,,,,,,,,,,,,,,,recreation_ground,,,,,,,,,,,,,,,,,,,,fairground,,,,,,,,,,,,,,,,,,,,,,,,,,,,,,,,,,,,,,,,,,,,,http://www.cattarauguscofair.com/
,,attraction,Caughnawaga Indian Village,,,,,,,,,,,,,,,,,,,,,,,,,,,,,,,,,,,,,,,,,,,,,,,,,,,,,,,,,,,,,,,,,,,,,,,,,,,,,,,,,,,,,,,
,,attraction,Central Library of Rochester & Monroe County,,Q7379766,en:Rundel Memorial Library,building,South Avenue,115,14604,Rochester,https://roccitylibrary.org/location/central/,,,NY,,,,yes,,Monroe County Public Library System,,,,,+1-585-428-7300,,,,,,,,,,,,,,,,yes,,"Spanning both sides of South Avenue, connected by the underground pedestrian tunnel ""Central Library Tunnel"", the Rundel Memorial Library Building and Bausch & Lomb Public Library Building make up the Central Library of Rochester & Monroe County.  ",,,,,,,,,,,,,,,,,,,,,,,,,,,,,,,,,,,,,,,,,,,,,,
,,attraction,Central Park Carousel,yes,Q5061605,en:Central Park Carousel,,,,,,www.centralparknyc.org/things-to-see-and-do/attractions/carousel.html,,8.2,,1083826,,,,,,,,,park,,Michael Friedsam Memorial Carousel,,,,,,,,,,,,,,,,,,,,,,,,,,,,,,,,,,,,,,,,,,,,,,,,,,,,,,,,,,,,,,,
,,attraction,C. Fred Johnson Park Carousel,,Q5006459,en:C. Fred Johnson Park Carousel,yes,,,,,,,,,,,91001968,,carousel,,,,,,,,,,,,,,,,,,,,,,,,,,,,,,,,,,,,,,,,,,,,,,,,,,,,,,,,,,,,,,,,,,,,,,
,,attraction,Charlotte-Genesee Lighthouse,yes,Q5086268,en:Charlotte–Genesee Lighthouse,,,,,,,,,,,,,,,,,,,,,,,,,,,,,,,,lighthouse,,,,,,,,,,,,,,,,,,,,,,,,,,,,,,,,,,,,,,,,,,,,,,,,,,,,
,,attraction,Chimney Bluffs,,,,,,,,,,,,,,,,,,,,,87,,,,,,,,,,,,,,,,,,,,,,,,,,,,,,,,,,,,,,,,,,,,,,,,,,,,,,,,,,,,,,,,,,
,,attraction,Civil War Monument Park,,,,monument,,,,,,,,,,,,,,,,,,park,,,,,,,,,,,,,,,,,,,,,,,,,,,,,,,,,,,,,,,,,,,,,,,,,,,,,,,,,,,,,,,,,
,,attraction,Columbus Circle,,,,,,,,New York,,,,NY,,,,,,,,,,,,,,,,,,,,,,,,,,,,,,,,,,,,,,,,,,,,,,,,,,,,,,,,,,,,,,,,,,,,,,,,,,,
,,attraction,Concorde,yes,Q6505,en:Concorde,aircraft,,,,,,,,,,2,,no,,Intrepid Museum,,,,,,,,G-BOAD,,,,,,,,,,,,,,,,,,,,,,,,,,,,,,,,,,,,,,,,,,,,,,,,,,,,,,,,,,,,,
,,attraction,Congo Gorilla Forest,yes,,,,,,,,,,7.0,,2116675,,,yes,animal,,,,,,,,,,,,,,,,,,,,,,,,,,,,,,,,,,,,,,,,,,,,,,,,,,,,,,,,,,,,,,,,,,,,,,
,,attraction,Cutler Botanic Garden,,,,,,,,,,,,,,,,,,,,,,garden,,,,,,,,,,,,,,,,,,,,,,,,,,,,,,,,,,,,,,,,,,,,,,,,,,,,,,,,,,,,,,,,,
,,attraction,Dentzel Menagerie Carousel,yes,,,,,,14612,Rochester,,,,NY,,,,,carousel,City of Rochester,,,,,,,,,,,,,,,,,,,,,,,,,,,,,,,,,,,,,,,,,,,,,,,,,,,,,,,,,,,,,,,,,,,,,
,,attraction,E-1B Tracer,yes,,,aircraft,,,,,,,,,,3,,,,,,,,,,,,,,,,,,,,,,,,,,,,,,,,,,,,,,,,,,,,,,,,,,,,,,,,,,,,,,,,,,,,,,,,,
,,attraction,East Main Place,yes,,,,Main Street East,875,14605,Rochester,,,,NY,,,,limited,,,arts_centre,,,,,,,,7,,,,,,,,,,,,,,,,,,,,,,,,,,,,,,,,Auditorium Center,,,,,,,,,,,,,,,,,,,,,,,,,,,,
,,attraction,Eastman Dental Dispensary Building,apartments,Q5330781,en:Eastman Dental Dispensary,building,,,,,,1917,,,,,,,,,,,,,,,,,,,,,,,,,,,,,,,Eastman Dental Dispensary was constructed in 1917 by George Eastman & Eastman Kodak Company to provide free dental services to those in need.  The building is now a senior living community named Eastman Gardens in honor of the building's founder.,,,,,,,,,,,,,,,,,,,,,,,,,,,,,,,,,,,,,,,,,,,,,,
,,attraction,Edward M. Cotter,,,en:Edward M. Cotter (fireboat),ship,,,,,,1900,,,,,,,,,,fireboat,,,,,,,,,,,,,,,,,,,,,,,,,,,,,,,,,,,,,,,,,,,,,,,,,,,,,,,,,,,,,,,,,,,
,,attraction,Eisenhower Park Firefighters Memorial,,,,memorial,,,,,,,,,,,,,,,,,,,,,,,,,,,,,,,,,,,,,,,,,,,,,,,,,,,,,,,,,,,,,,,,,,,,pedestrian,,,,,,,,,,,,,,,
,,attraction,Empire Expo Center,,,en:Empire Expo Center,,,,,,,,,,,,,,,,,,,,,Great New York State Fair,,,,,,,,,,,,,,,,,,fairground,,,,,,,,,,,,,,,,,,,,,,,,,,,,,,,,,,,,,,,,,,,,,
,,attraction,Empire State Building,office,Q9188,en:Empire State Building,,5th Avenue,350,10018,New York City,https://www.esbnyc.com/explore,1931,17,NY,1015862,,,yes,,,,,15,,+1-212-736-3100,,Edificio Empire State,,5,Эмпайр-Стейт-Билдинг,beige,yes,,,엠파이어 스테이트 빌딩,flat,,בניין אמפייר סטייט,Емпайр-Стейт-Білдінг,concrete,,,,,,帝国大厦,Empire State Building,Mo-Su 08:00-02:00,,,,,,,,,,,,,,,,,,,,,,,,,,,,,,,,,,,,yes,,,,,
,,attraction,Empire State Plaza,,,en:Empire State Plaza,,,,,,,,,,,,,,,,,,,,,Governor Nelson A. Rockefeller Empire State Plaza,,,,,,,,,,,,,,,yes,,,,,,,,,,,,,,,,,,,,,,,,,,,,,,,,,,,,,,,,,,,,,,,,
,,attraction,Equal Grounds Coffee House,"commercial;yes",,,,South Avenue,750,14620,Rochester,www.equalgrounds.com,,,NY,,,,yes,,,cafe,,,,+1-585-256-2362,,,,2,,,,,,,,,,,,,,"Equal Grounds is an historic LGBTQ+ coffee house.  It has a rich history in the city of Rochester, NY as well as a place in the larger scheme of LGBTQ+ rights movement throughout the United States of America, and the world.    ",,,,,,,,,,,,,,,,wlan,,,,,,,,,,,,,,,,,no,0,,,,,,,,,no,,,
,,attraction,Equal Grounds Coffee House,"commercial;yes",,,,South Avenue,750,14620,Rochester,www.equalgrounds.com,,,NY,,,,yes,,,cafe,,,,+1-585-256-2362,,,,2,,,,,,,,,,,,,,"Equal Grounds is an historic LGBTQ+ coffee house.  It has a rich history in the city of Rochester, NY as well as a place in the larger scheme of LGBTQ+ rights movement throughout the United States of America, and the world.    ",,,,,,,,,,,,,,,,wlan,,,,,,,,,,,,,,,,,no,0,,,,,,,,,no,,,
,,attraction,F-14 Tomcat,yes,,,aircraft,,,,,,,,,,3,,,,,,,,,,,,,,,,,,,,,,,,,,,,,,,,,,,,,,,,,,,,,,,,,,,,,,,,,,,,,,,,,,,,,,,,,
,,attraction,F-16A Fighting Falcon,yes,,,aircraft,,,,,,,,,,3,,,,,,,,,,,,,,,,,,,,,,,,,,,,,,,,,,,,,,,,,,,,,,,,,,,,,,,,,,,,,,,,,,,,,,,,,
,,attraction,F-4N Phantom II,yes,,,aircraft,,,,,,,,,,3,,,,,,,,,,,,,,,,,,,,,,,,,,,,,,,,,,,,,,,,,,,,,,,,,,,,,,,,,,,,,,,,,,,,,,,,,
,,attraction,F/A-18 Hornet,yes,,,aircraft,,,,,,,,,,3,,,,,,,,,,,,,,,,,,,,,,,,,,,,,,,,,,,,,,,,,,,,,,,,,,,,,,,,,,,,,,,,,,,,,,,,,
,,attraction,FDNY Ladder 8,fire_station,Q21712009,"en:Firehouse, Hook & Ladder Company 8",,North Moore Street,14,10013,New York,,,16,,1002150,,,,,New York City Fire Department,fire_station,,,,,Ghostbusters Fire Station,,,,,,,,,,,,,,,,,,,,,,,,,,,,,,,,,,,,,,,,,,,,,,,,,,,,,,,,,,,,,,,
,,attraction,Federal Hall National Memorial,yes,Q858689,en:Federal Hall,,,,,,https://www.nps.gov/feha,1842,19.3,,1001020,,,,,,,,8,,,,,,,,,yes,,,,gabled,,,,,,,,,,,,,,Federal Hall,,,,,,,,,,,,,,,,,,,,,,,,,,,,9,,,,,,,,,,,
,,attraction,Feltman Carousel,,,,,,,,,,,,,,,,,,,,,,,,,,,,,,,,,,,,,,,,,,,,,,,,,,,,,,,,,,,,,,,,,,,,,,,,,,,,,,,,,,,,,,,
,,attraction,Finger Lakes Welcome Center,yes,,,,Lake Front Drive,35,14456,Geneva,,,,NY,,,,,,,,,,,,,,,1,,,,,,,,,,,,,,,,,,,,,,,,,,,,,,,,,,,,,,,,,,,,,,,,,,,,,,,,,,,information,
,,attraction,Fireboat John J. Harvey,,Q6241091,en:John J. Harvey,ship,,,,,http://www.fireboat.org/,1931,,,,,00000576,,,,,fireboat,,,,,,,,,,,,,,,,,,,,,,,,,,,,,,,,,,,,,,,,,,,,,,,,,,,,,,,,,,,,,,,,,,,
,,attraction,Firemens Building,public,,,,,,,,,,,,,,,,,,,,,,,,,,,,,,,,,,,,,,,,,,,,,,,,,,,,,,,,,,,,,,,,,,,,,,,,,,,,,,,,,,,,,,
,,attraction,Flatiron Building,office,Q220728,en:Flatiron Building,,5th Avenue,175,10010,New York,,1902,86,,1016278,,79001603,,,,,,,,,,Edificio Flatiron,,22,Флэтайрон-билдинг,,,,,플랫아이언 빌딩,flat,,בניין פלאטאיירון,,,,,,,,,Flatiron Building,,,Flatiron,,,,,,,,,,,,Fuller Building,,,,,,,,,,,,,,,,,,,,,,,,,,,
,,attraction,Forest Park Carousel,yes,,,,,,,,,,12.1,,4000000,,,,,,,,,,,,,,,,,,,,,,,,,,,,,,,,,,,,,,,,,,,,,,,,,,,,,,,,,,,,,,,,,,,,,,,,,,
,,attraction,Fort Jay,,Q5471408,en:Fort Jay,fort,,,,,,1794,,,,1,74001268,,,,,,,,,,,,,,,,,,,,,,,,,,,,,,,,,,,,,,,,,,,,,,,,,,,,,wall,,,,,,,,,,,,,,,,,,,
,,attraction,George W. Johnson Park Carousel,,Q5545662,en:George W. Johnson Park Carousel,,,,,,,,,,,,91001964,,carousel,,,,,,,,,,,,,,,,,,,,,,,,,,,,,,,,,,,,,,,,,,,,,,,,,,,,,,,,,,,,,,,,,,,,,,
,,attraction,Global Village Fireplace,,,,,,,,,,,,,,,,,,,,,,,,,,,,,,,,,,,,,,,,,,,,,,,,,,,,,,,,,,,,,,,,,,,,,,,,,,,,,,,,,,,,,,,
,,attraction,Grand Central Terminal,train_station,Q11290,en:Grand Central Terminal,,East 42nd Street,89,,New York,https://www.grandcentralterminal.com/,1913,45.8,NY,1035381,,,yes,,Metropolitan Transportation Authority,,,18,,,,,,,Центральный вокзал Нью-Йорка,,,,,그랜드 센트럴 터미널,,,,,,,,,,グランド・セントラル駅,中央车站,,Mo-Su 05:30-02:00,,,,,,GCT,,,,,,Hauptbahnhof New York City (Grand Central),,,,,,,,,,,,,,,,,,,,,,,Metro-North Railroad,,station,,yes,,
,,attraction,Grant Cottage Visitor Center,yes,,,,,,,,,,,,,,,,,,,,,,,,,,,,,,,,,,,,,,,,,,,,,,,,,,,,,,,,,,,,,,,,,,,,,,,,,,,,,,,,,,,,,,
,,attraction,Graycliff,house,,,yes,,,,,http://graycliffestate.org,,,,,,,,,Graycliff Conservancy,,,,,,Graycliff Estate,,,2,,,,,,,,,,,,,,A long term restoration project is in progress.,,,,,,,,,,,,,,,,,,,,,,,,,,,,,,,,,,,,,,,,,,,,,,
,,attraction,Headless Horseman Hayrides and Haunted Houses,,,,,,,,,http://www.headlesshorseman.com/,,,,,,,,,,,,,,8453392666,,,,,,,,,,,,,,,,,,,,,,,,,,,,,,,,,,,,,,,,,,,,,,info@headlesshorseman.com,,,,,,,,,,,,,,,,,,
,,attraction,Helen McAllister,,Q4683669,en:Admiral Dewey (tugboat),ship,,,,,,1900,,,,,02001619,,,,,tugboat,,,,,,,,,,,,,,,,,,,,,,,,,,,,,,,,,,,,,,,,Admiral Dewey,,,,,,,,,,,,,,,,,,,,,,,,,,,
,,attraction,Hercules Pavillion,civic,,,,,,,,,,,,,,,,,,,,,,,,,,,,,,,,,,,,,,,,houses the figurehead and anchor from the U.S.S. Ohio,,,,,,,,,,,,,,,,,,,,,,,,,,,,,,,,,,,,,,,,,,,,,,
,,attraction,HH-52A Sea Guardian,yes,,,helicopter,,,,,,,,,,3,,,,,,,,,,,,,,,,,,,,,,,,,,,,,,,,,,,,,,,,,,,,,,,,,,,,,,,,,,,,,,,,,,,,,,,,,
,,attraction,High Falls Gorge,,,,,Route 86,4761,12997,,,,,,,,,,,,,,,,,,,,,,,,,,,,,,,,,,,,,,,,,The River View Cafe,,,,,,,,,,,,,,,,,,,,,,,,,,,,,,,,,,,,,,,
,,attraction,Highland Park Carousel,,Q5758963,en:Highland Park Carousel,,,,,,,,,,,,91001963,,carousel,,,,,,,,,,,,,,,,,,,,,,,,,,,,,,,,,,,,,,,,,,,,,,,,,,,,,,,,,,,,,,,,,,,,,,
,,attraction,Hispanic Society of America,,Q2420849,,,,,,,,,,,,,,,,,,,,,,,,,,,,,,,,,,,,,,,,,,,,,,,,,,,,,,,,,,,,,,,,,,,,,,,,,,,,,,,,,,,,,
,,attraction,Historical Building,yes,,,,,,,,,,,,,,,,,,,,,,,,,,,,,,,,,,,,,,,,,,,,,,,,,,,,,,,,,,,,,,,,,,,,,,,,,,,,,,,,,,,,,,
,,attraction,Historic Huguenot Distric,,,,yes,,,,,,,,,,,,,,,,,,,,,,,,,,,,,,,,,,,,,,,,,,,,,,,,,,,,,,,,,,,,,,,,,,,,,,,,,,,,,,,,,,,
,,attraction,Historic Wyckoff-Bennett-Mont Residence,detached,Q8039590,,,East 22nd Street,1669,11229,Brooklyn,,,8.4,,3182645,,,,,,,,,,,,,,,,,,,,,,,,,,,,,,,,,,,Wyckoff-Bennett-Mont House,,,,,,,,,,,,,,,,,,,,,,,,,,,,,,,,,,,,,,,
,,attraction,Hurricane Mountain Fire Tower Historic Area,,Q5948116,en:Hurricane Mountain Fire Observation Station,,,,,,https://www.dec.ny.gov/lands/100895.html,,,,,,06001145,,,New York State Department of Environmental Conservation,,,,,,,,,,,,,2,nrhp,,,,,,,yes,,,,,,,,,,protected_area,,,,,,,government_managed,,,,,22,Historic,"New York State Constitution, Article XIV",,state,,,,,,,,,,,,,,,,,,,,,,
,,attraction,Jane's Carousel,,,,,Main Street,45,11201,Brooklyn,http://janescarousel.com,,,NY,,,,,carousel,,,,,,+1 (718) 222-2502,,,,,,,,,,,,,,,,,,,,,,,,,,,,,,,,,,,,,,,,,,,,,,,,,,,,,,,,,,,,,,,,
,,attraction,John Browns Farm Historic Site,,,,,,,,,http://nysparks.com/historic-sites/29/details.aspx,,,,,,,,,,,,,,,,,,,,,,2,nhl,,,,,,,yes,,,,,,,,,,protected_area,,,,,,,government_managed,,,,,22,Historic,"New York State Constitution, Article XIV",,state,,,,,John Browns Farm Historic Site,,,,,,,,,,,,,,,,,
,,attraction,Jungle World,yes,,,,,,,,,,14.4,,2116683,,,,,,,,,,,,,,,,,,,,,,,,,,,,,,,,,,,,,,,,,,,,,,,,,,,,,,,,,,,,,,,,,,,,,,,,,,
,,attraction,Kfir C-2,yes,,,aircraft,,,,,,,,,,3,,,,,,,,,,,,,,,,,,,,,,,,,,,,,,,,,,,,,,,,,,,,,,,,,,,,,,,,,,,,,,,,,,,,,,,,,
,,attraction,Kleinhans Music Hall,yes,Q6420299,,,,,,,,,,,,,,,,,theatre,,,,,,,,,,,,,,,,,,,,,,,,,,,,,,,,,,,,,,,,,,,,,,,,,,,,,,,,,,,,,,,,,,,,
,,attraction,Lake Placid Bobsled Experience,yes,,,,,,,,,,,,,,,,,,,,,,,,,,,,,,,,,,,,,,,,,,,,,,,,,,,,,,,,,,,,,,,,,,,,,,,,,,,,,,,,,,,,,,
,,attraction,Lamberton Conservatory,yes,,,,,,,,,,,,,,,limited,,,,,,,,,,,,,,,,,,,,,,,,,,,,,,,,,,,,,,,,,,,,,,,,,,,,,,,,,,,,,,,,,,,,,,,
,,attraction,Lightship Frying Pan,,Q588285,en:United States lightship Frying Pan (LV-115),ship,,,,,http://www.fryingpan.com/,1929,,,,,98001615,,,,,lightship,,,,,,LV-115,,,,,,,,,,,,,,,,,,,,,,,,,,,,,,,,,,,,,,,,,,,,,,,,,,,,,,,,,,,,,
,,attraction,Lincoln Center for the Performing Arts,,Q581044,en:Lincoln Center for the Performing Arts,,Lincoln Center Plaza,10,10023,New York,,,,NY,,,,,,,arts_centre,,21,,+1-212-875-5456,,,,,,,,,,,,,,,,,,,,,,,,,,,,,,,,,,,,,,,,,,,,,,,,,,,,,,,,,,,,,,,,
,,attraction,Little Village Park Band Stand,,,,,,,,,,,,,,,,,,,,,,,,,,,,,,,,,,,,,,,,,,,,,,,,,,,,,,,,,,,,,,,,,,,,,,,,,,,,,,,,,,,,,,,
,,attraction,Lockheed A-12,yes,Q959030,en:Lockheed A-12,aircraft,,,,,,,,,,3,,,,,,,,,,,,,,,black,,,,,,,,,,,,,,,,,,black,,,,,,,,,,,,,,,,,,,multipolygon,,,,,,,,,,,,,,,,,,,,,
,,attraction,Lockport Locks & Erie Canal Cruises,yes,,,,Market Street,210,14094,Lockport,http://www.lockportlocks.com/,,,NY,,,,,,Lockport Locks & Erie Canal Cruises,,,,,716-433-6155,,,,,,,,,,,,,,,,,,,,,,,,,,,,,,,,,,,,,,,,,,,,,,,,,,,,,,,,,,,,,,,,
,,attraction,Madagascar!,yes,,,,,,,,,,10.3,,2116684,,,yes,animal,,,,,,,,,,,,,,,,,,,,,,,,,,,,,,,,,,,,,,,,,,,,,,,,,,,,,,,,,,,,,,,,,,,,,,
,,attraction,Madison Square Garden,yes,Q186125,en:Madison Square Garden,,4 Pennsylvania Plaza,46,NY 10001,New York,http://www.thegarden.com/,1968,,NY,,,,limited,,,,,11,stadium,12124656741,The Garden,,,,Медисон-сквер-гарден,,,,,,,,,Медісон-сквер-гарден,,,,,,マディソン・スクエア・ガーデン,麦迪逊广场花园,Madison Square Garden,,,,,,,MSG,,,,,,,,,,,,,,,,,,,,,,,,,,,,,,,,,,,
,,attraction,Maid of the Mist (American side),,,,,,,,,,,,,,,,yes,,,,,,,,,,,,,,,,,,,pier,,,,,,,,,,,,,,,,,,,,,,,,,,,,,,,,,,,,,,,,,,,,,,,,,,,,
,,attraction,Main Street Bridge,,Q6736101,"en:Main Street Bridge (Rochester, New York)",bridge,,,,,,1857,,,,,,yes,,,,,,,,,,,,,,,,,,,bridge,,,,,,,,,,,,,,,,,,,,,,,,,,,,,,,,,,,,,,,,,,,,,,,,,,,,
,,attraction,MiG-17,yes,,,aircraft,,,,,,,,,,3,,,,,,,,,,,,,,,,,,,,,,,,,,,,,,,,,,,,,,,,,,,,,,,,,,,,,,,,,,,,,,,,,,,,,,,,,
,,attraction,MiG-21,yes,,,aircraft,,,,,,,,,,3,,,,,,,,,,,,,,,,,,,,,,,,,,,,,,,,,,,,,,,,,,,,,,,,,,,,,,,,,,,,,,,,,,,,,,,,,
,,attraction,Monkey House,yes,,,,,,,,,,8.9,,2116688,,,,animal,,,,,,,,,,,,,,,,,,,,,,,,,,,,,,,,,,,,,,,,,,,,,,,,,,,,,,,,,,,,,,,,,,,,,,
,,attraction,New York City Police Memorial,,,,memorial,,,,,,1997,,,,,,,,,,,,,,,,,,,,,,,,,,,,,,,,,,,,,,,,,,,,,,,,,,,,,,,,,,,,,,,,,,,,,,,,,,,,,
,,attraction,New York Public Library,library,Q7013887,en:New York Public Library,,5th Avenue,476,10018,New York,http://www.nypl.org/,,,NY,1034194,,,yes,,,library,,21,,,"The Humanities And Social Sciences Library;Stephen A. Schwarzman Building",Biblioteca Pública de Nueva York,,,Нью-Йоркская публичная библиотека,#DFDAC7,,,,뉴욕 공립도서관,,,,Нью-Йоркська публічна бібліотека,,,,,,,紐約圖書館,,"Mo,Th 08:00-20:00; Tu,We 08:00-21:00; Fr 08:00-18:00; Sa 10:00-18:00; Su 10:00-17:00",,,,,,,,,,,wlan,,,,,,,,,,,,,,,,,,,,,,,,,,,,,,
,,attraction,New York Renaissance Faire,,Q7013920,en:New York Renaissance Faire,,State Highway 17A,600,,Tuxedo Park,http://www.renfair.com/ny,,,NY,,,,,,,,,,,+1-845-351-5171,,,,,,,,,,,,,,,,,,,,,,,,,,,,,,,,,,,,,,,,,,,,,,,,,,,,,,,,,,,,,,,,
,,attraction,New York State Museum Carousel,yes,,,,,,,,,,,,,,,,,,,,,,,,,,,,,,,,,,,,,,,,,,,,,,,,,,,,,,,,,,,,,,,,,,,,,,,,,,,,,,,,,,,,,,
,,attraction,New York Stock Exchange,yes,Q13677,en:New York Stock Exchange,,Wall Street,11,,,,1922,,,1078982,,,,,,stock_exchange,,,,,,,,,,,,,,,,,,,,,,,,,,,,,,,,,NYSE,,,,,,,,,,,,,,,,,,,,,,,,,,,,,,,,,,,
,,attraction,Nicholas J. Pirro Convention Center,yes,,,,,,,,http://www.oncenter.org/venue/nicholas-j-pirro-convention-center,,,,,,,,,,conference_centre,,,,,,,,,,,,,,,,,,,,,,,,,,,,,,,,,,,,,,,,,,,,,,,,,,,,,,,,,,,,,,,,,,,,
,,attraction,Opus 40,,,,,Fite Road,50,,,,,,,,,,,,,,,,,,,,,,,,,,,,,,,,,,,,,,,,,,,,,,,,,,,,,,,,,,,,,,,,,,,,,,,,,,,,,,,,,
,,attraction,Oyster Bay Long Island Railroad Turntable,,Q7116318,en:Oyster Bay Long Island Rail Road Turntable,,,,,,,,,,,,05000667,no,,,,,,,,,,,,,,,,,,,,,,,,,,,,,,,,,,,,,,,,,,,,,,,,,,,,,,,,,,,,,,,,,,,turntable,,,,
,,attraction,Pepsi-Cola Sign,,,,,47th Road,4-09,11109,Long Island City,http://s-media.nyc.gov/agencies/lpc/lp/1653.pdf,1940,,NY,,,,,,,,,,,,,,,,,,,,,,,,,,,,,,,,,,,,,,,,,,,,,,,,,,,,,,,,,,,,,,,,,,,,,,,,,,,
,,attraction,Port of Rochester Marina,,,,,North River Street,1000,14612,Rochester,https://portofrochestermarina.com/,,,NY,,,,,,City of Rochester,,,,marina,,,,,,,,,,,,,,,,,,,,,,,,,,,,,,,,,,,,,,,,,,,,,,,,,yes,,,,,,,,,,,,,,,,
,,attraction,Prospect Point Observation Tower,yes,Q1031883,en:Prospect Point Observation Tower,,,,,Niagara Falls,,,86,,,,,,,,,,,,,Niagara Falls Observation Tower,,,,,green,,,,,flat,,,,concrete,,glass,,,,,,,,,,,,,,,,,,,,,,,,,,,,,,,,,,,,,,,,,,,,,,,
,,attraction,PTF-17,,,,ship,,,,,,1968,,,,,,,,,,patrol_boat,,,,,,,,,,,,,,,,,,,,,,,,,,,,,,,,,,,,,,,,,,,,,,,,,,,,,,,,,,,,,,,,,,,
,,attraction,Recreation Park Carousel,,Q5539112,,,,,,,,,,,,,91001967,,carousel,,,,,,,,,,,,,,,,,,,,,,,,,,,,,,,,,,,,,,,,,,,,,,,,,,,,,,,,,,,,,,,,,,,,,,
,,attraction,Ripley's Believe It or Not!,,,,,West 42nd Street,234,10036,,https://ripleysnewyork.com,,,NY,,,,,,,,,,,+1-212-398-3133,,,,,,,,,,,,,,,,,,,,,,,Mo-Su 09:00-01:00,,,,,,,,,,,,,,,,,,,,,,,fun@ripleysny.com,,,,,,,,,,,,,,,,,,
,,attraction,Rockefeller Center,,Q11277,en:Rockefeller Center,yes,Rockefeller Plaza,45,10111,New York,https://www.rockefellercenter.com/,,,NY,,,87002591,yes,,,,,,,+1 212-332-6868,,,,,,,,,,록펠러 센터,,,,,,,,,,ロックフェラー・センター,,,,,,,,,,,,,,,,,,,,,,,,,,,,,,,,,,,,,,,,,,,,
,,attraction,Rose Garden,,,,,,,,,,,,,,,,,,,,,,garden,,,,,,,,,,,,,,,,,,,,,,,,,,,,,,,,public,,,,,,,,,,,,,,,,,,,,,,,,,,,,,,,,,
,,attraction,Ross Park Carousel,,Q7369559,en:Ross Park Carousel,,,,,,,,,,,,91001966,,carousel,,,,,,,,,,,,,,,,,,,,,,,,,,,,,,,,,,,,,,,,,,,,,,,,,,,,,,,,,,,,,,,,,,,,,,
,,attraction,Roycroft Campus,,,,,,,,,,,,,,,,,,,,,,,,,,,,,,,,,,,,,,,,,,,,,,,,,,,,,,,,,,,,,,,,,,,,,,,,,,,,,,,,,,,,,,,
,,attraction,Rundel Memorial Library,public,Q7379766,en:Rundel Memorial Library,,South Avenue,115,14604,Rochester,,,,NY,,,,yes,,Monroe County Public Library System,library,,,,,Central Library of Rochester and Monroe County,,,,,beige,,,,,,,,,,,stone,,,,,,,,,,,,,,,,,wlan,,,,,,,,,,,,,,,,,no,,,,,,,,,,,,,
,,attraction,Saint Paul's Chapel,church,Q1325500,en:St. Paul's Chapel,,Broadway,209,10007,New York,https://www.trinitywallstreet.org/congregation/spc/,1766,,NY,1001231,,,,,,place_of_worship,,,,,,Capilla St Paul of Trinity Church Wall Street,,,,,no,,,,,,,,,,,,,,,,,,,,,,,,,roman_catholic,,,,,,,,,christian,,,,,,,,,,,,,,,,,,,,,,,
,,attraction,Saint Regis Mountain Fire Tower Historic Area,,Q7591592,en:St. Regis Mountain Fire Observation Station,,,,,,http://www.dec.ny.gov/lands/70572.html,,,,,,05000163,,,,,,,,,,,,,,,,2,nrhp,,,,,,,yes,,,,,,,,,,protected_area,,,,,,,government_managed,,,,,22,Historic,"New York State Constitution, Article XIV",,state,,,,,Saint Regis Mountain Fire Tower Historic Area,,,,,,,,,,,,,,,,,
,,attraction,Saks Fifth Avenue,yes,Q2723882,en:Saks Fifth Avenue,,5th Avenue,611,,,https://www.saksfifthavenue.com/,1924,55,,1081145,,,,,,,,,,,,,,,,#A09279,yes,,,,flat,,,,concrete,,,,,,,,,,,,,,,,,,,,,,,,,,,,,,,,,,,,,,,,,,,,,,,,,
,,attraction,Schuylerville Corn Maize,,,,,,,,,,,,,,,,,,,,,,,,,,,,,,,,,,,,,,,,,,farm,,,,,,,,,,,,,,,,,,,,,,,,,,,,,,,,,,,,,,,,,,,,,
,,attraction,Shequaga Falls (Montour Falls),,,,,,,,,,,,,,,,,,,,,,,,,,,,,,,,,,,,,,,,,,,,,,,,,,,water,,waterfall,,,,,,,,,,,,,,,,,,,,,,,,,,,,,,,,,,
,,attraction,Sherman Zwicker,,,en:Sherman Zwicker,ship,,,,,https://www.grandbanks.nyc/sherman-zwicker/,1942,,,,,,,,,,schooner,,,,,,,,,,,,,,,,,,,,,,,,,,,,,,,,,,,,,,,,,,,,,,,,,,,,,,,,,,,,,,,,,,,
,,attraction,Space Park,,,,,,,,,,,,,,,,,,,,,,park,,,,,,,,,,,,,,,,,,,,,,,,,,,,,,,,,,,,,,,,,,,,,,,,,,,,,,,,,,,,,,,,,
,,attraction,Space Shuttle Enterprise,yes,Q202347,en:Space Shuttle Enterprise,aircraft,,,,,,1977,,,,3,13000071,,,,,,,,,,,OV-101,,,,,,,,,,מעבורת החלל אנטרפרייז,Ентерпрайз,,,,,,,,,,gray,,,,,,,,,,,,,,,,,,,,,,,,,,,,,,,,,,,,,,,,
,,attraction,Spanish American War Memorial,,,,memorial,,,,,,,,,,,,,,,,,,park,,,,,,,,,,,,,,,,,,,,,,,,,,,,,,,,,,,,,,,,,,,,,,,,,,,,,,,,,,,,,,,,,
,,attraction,Statue of Liberty,yes,Q9202,en:Statue of Liberty,monument,,,10004,,,1886-10-28,10,,,,,limited,,,,,2,,,,Estatua de la Libertad,,,Статуя Свободы,#C1BA9D,yes,,,자유의 여신상,flat,,פסל החירות,Статуя Свободи,stone,,stone,,,自由の女神像,自由女神像,Statue of Liberty,,#BEBA9F,,national_park,Statua Wolności,,,,,,,,Freiheitsstatue,,,,,,,,,,,,,no,,https://commons.wikimedia.org/wiki/File:Statue_of_Liberty_7.jpg,,,,Статуя Свабоды,Frihedsgudinden,Statue de la Liberté,Socha slobody,,,,,,,
,,attraction,Sterling Renaissance Festival,,Q14707367,en:Sterling Renaissance Festival,,Farden Road,15385,13156,Sterling,http://www.sterlingfestival.com,,,NY,,,,,,,,,,,+1-315-947-5782,,,,,,,,,,,,,,,,,,,,,,,,,,,,,,,,,,,,,,,,,,,,,,,,,,,,,,,,,,,,,,,,
,,attraction,Tannery Pond Community Association,,,,,,,,,,,,,,,,,,,,,,,,,,,,,,,,,,,,,,,,,,,,,,,,,,,,,,,,,,,,,,,,,,,,,,,,,,,,,,,,,,,,,,,
,,attraction,The Big Duck,yes,,,,NY-24,,11901,Flanders,,,,,,,,,,,,,,,,,,,,,,,,,,,,,,,,,,,,,,,,,,,,,,,,,,,,,,,,,,,,,,,,,,,,,,,,,,,,,,,
,,attraction,The Blockhouse,yes,Q4927275,en:Blockhouse No. 1 (Central Park),building,,,,,http://www.centralparknyc.org/things-to-see-and-do/attractions/blockhouse.html,1814,,,,,,,,,tourism,,,,,,,,,,,,,,,,,,,,,,,,,,,,,,,,,,,,,,,,,,,,,,,,,,,,,,,,,,,,,,,,,,,,
,,attraction,The Cloisters,yes,Q1138030,en:The Cloisters,,,,,,http://www.metmuseum.org/cloisters,,33.4,,1064383,,,,,,,,54,,,,The Cloisters,,,,,,,,,,,,,,,,,,,,,,,,,,,,,,,,,,,,,,,,,,,,,,,,,,,,,,,,,,,,,,
,,attraction,The Dakota,apartments,Q829806,en:The Dakota,building,West 72nd Street,1,10023,New York,,1882,50.9,NY,1028637,,,,,,,,27,,,,Edificio Dakota,,10,,,,,,,,,הדקוטה,,,,,,,,,,,,,,,,,,,,,,,,,,,,,,,,,,,,,,,,,,Dakota-bygningen,,,,,,,,,
,,attraction,The Drawing Center,yes,Q3039170,,,Wooster Street,35,10013,,,,23.3,,1007088,,,,,,,,,,,,,,,,,,,,,,,,,,,,,,,,,,,,,,,,,,,,,,,,,,,,,,,,,,,,,,,,,,,,,,,,,,
,,attraction,The Old Game Farm,,,en:Catskill Game Farm,zoo,Game Farm Road,400,,Catskill,http://www.theoldgamefarm.com/,,,NY,,,,,,,,,,,,,,,,,,,,,,,,,,,,,,,,,,,,,,,,,,,,,,,,Catskill Game Farm,,,,,,,,,,,,,,,,,,,,,,,,,,,
,,attraction,The Tickler,,,,,,,,,,,,,,,,,roller_coaster,,,,,,,,,,,,,,,,,,,,,,,,,,,,,,,,,,,,,,,,,,,,,,,,,,,,,,,,,,,,,,,,,,,,,,
,,attraction,Times Square Ball,,Q1058395,en:Times Square Ball,,,,,,,1907,133.6,,,,,,,,,,,,,,,,,,,yes,,,,flat,,,,metal,,metal,,,,,,,,,,,,,,,,,,,,,,,,,,,42nd Street Between 7th Avenue and Broadway,,,,,,,,,110.6,,,,,,,,,,,
,,attraction,Times Square Building,commercial,Q7806557,en:Times Square Building (Rochester),building,Exchange Boulevard,45,14614,Rochester,,"October 29, 1929",79,NY,,,,,,,,,,,,,,,15,,,,,,,,,,,,,,"Built for the Genesee Valley Trust Company, this iconic Art Deco skyscraper contains various commercial spaces.  ""The Wings of Progress"" sit atop the structure and are one of the most recognizable elements of the Rochester Skyline. ",,,,,,,,,,,,,,,,,,Genesee Valley Trust Company Building,,,,,,,,,,,,,,,,,,,,,,,,,no,,,
,,attraction,Ulster County Fair,,,,,,,,,,,,,,,,,,,,,,recreation_ground,,Ulster County New Paltz Park,,,,,,,,,,,,,,,,,,fairground,,,,,,,,,,,,,,,,,,,,,,,,,,,,,,,,,,,,,,,,,,,,,http://ulstercountyfair.com/
,,attraction,United Nations Headquarters,office,Q11297,en:Headquarters of the United Nations,,FDR Drive,405,10017,New York,https://www.un.org/,1952,,NY,1083872,,,yes,,,public_building,,12,,,,Sede de la Organización de las Naciones Unidas,,,,,,,,,,,בניין האומות המאוחדות,Штаб-квартира ООН,,,,,,国際連合本部ビル,联合国总部大楼,,,,,,,,UNO,,,,,,Hauptsitz der Vereinten Nationen,,,,,,,,,,,,,,,,,,,,,Siège des Nations unies,,,international_organization,,,yes,,
,,attraction,USAT LT-5,,,,ship,,,,,,1943,,,,,,,,,,tugboat,,,,,,,,,,,,,,,,,,,,,,,,,,,,,,,,,,,,,,,,,,,,,,,,,,,,,,,,,,,,,,,,,,,
,,attraction,USCGC Lilac,,,en:USCGC Lilac (WAGL-227),ship,,,,,http://www.lilacpreservationproject.org/,1933,,,,,04001441,,,,,lighthouse_tender,,,,,,WAGL-227,,,,,,,,,,,,,,,,,,,,,,,,,,,,,,,,,,,,,,,,,,,,,,,,,,,,,,,,,,,,,
,,attraction,USS Croaker,,Q2207722,en:USS Croaker,ship,,,,,,1943,,,,,08000863,,,,,submarine,,,,,,SS-246,,,,,2,nrhp,,,,,,,,,,,,,,,,,,,,,,,,,,,,,,,,,,,,,,,,,,,,,,,,,,,,,,,
,,attraction,USS Growler,submarine,Q629738,en:USS Growler (SSG-577),ship,,,,,,1958,,,,1,,,,Intrepid Museum,,submarine,,,,,,SSG-577,,,,,,,,,,,,,,metal,,,,,,,,,,,,,,,,,,,,,,,,,,multipolygon,,,,,,,,,,,,,,,,,,,,,
,,attraction,USS Intrepid,ship,Q1351288,en:USS Intrepid (CV-11),ship,Intrepid Plaza,1,10019,,,1943,14,,1027183,2,86000082,yes,,Intrepid Museum,,aircraft_carrier,,,,,,CV-11,,,,yes,2,nrhp,,flat,,,,concrete,,metal,,,,,,,,,,,,,,,,,,,,,,,,,,multipolygon,,,,,,,,,,,,,,,,,,,,,
,,attraction,USS Little Rock,,Q2299203,en:USS Little Rock (CL-92),ship,,,,,,1944,,,,,,,,,,light_cruiser,,,,,,CL-92,,,,,,,,,,,,,,,,,,,,,,,,,,,,,,,,,,,,,,,,,,,,,,,,,,,,,,,,,,,,,
,,attraction,USS Slater,,,en:USS Slater (DE-766),ship,,,,,http://www.ussslater.org/,1944,,,,,,,,,,destroyer_escort,,,,,,DE-766,,,,,,,,,,,,,,,,,,,,,,,,,,,,permissive,,,,,,,,,,,,,,,,,,,https://commons.wikimedia.org/wiki/File:USS_Slater_Panorama.jpg,,,,,,,,,,,,,,
,,attraction,USS The Sullivans,,Q7874697,en:USS The Sullivans (DD-537),ship,,,,,,1943,,,,,86000085,,,,,destroyer,,,,,,DD-537,,,,,2,nrhp,,,,,,,,,,,,,,,,,,,,,,,,,,,,,,,,,,,,,,,,,,,,,,,,,,,,,,,
,,attraction,Van Cortlandt Manor,yes,,,,,,,,,,,,,,,,,,,,,,,,,,,,,,,,,,,,,,,,,,,,,,,,,,,,,,,,,,,,,,,,,,,,,,,,,,,,,,,,,,,,,,
,,attraction,Van Horn Mansion,yes,,,yes,,,,,,,,,,,,,,,,,,,,,,,,,,,,,,,,,,,,,,,,,,,,,,,,,,,,,,,,,,,,,,,,,,,,,,,,,,,,,,,,,,,
,,attraction,War Memorial Park,,,,memorial,,,,,,,,,,,,,,,,,40,park,,,,,,,,,,,,,,,,,,,,,,,,,,,,,,,,,,,,,,,,,,,,,,,,,,,,,,,,,,,,,,,,,
,,attraction,Water Mill Windmill,industrial,,,,Montauk Highway,695,11976,Water Mill,,,,,,,,,,,,,,,,,,,,,,,,,,,windmill,,,,,,,,,,,,,,,,,,,,,,,,,,,,,,,,,,,,,,,,,,,,,,,,,,,,
,,attraction,Wavertree,,Q2552894,en:Wavertree (ship),ship,,,,,,1885,,,,,78001887,,,,,sailing_ship,,,,,,,,,,,,,,,,,,,,,,,,,,,,,,,,,,,,,,,,,,,,,,,,,,,,,,,,,,,,,,,,,,,
,,attraction,West Endicott Park Carousel,,Q7985115,en:West Endicott Park Carousel,,,,,,,,,,,,91001965,,car,,,,,,,,,,,,,,,,,,,,,,,,,,,,,,,,,,,,,,,,,,,,,,,,,,,,,,,,,,,,,,,,,,,,,,
,,attraction,Whiteface Club & Resort,,,,,,,,,www.whitefaceclubresort.com/,,,,,,,,,,,,,,,,,,,,,,,,,,,,,,,,,,,,,,,,,,,,,,,,,,,,,,,,,,,,,,,,,,,,,,,,,,,,,,
,,attraction,Wildwest Ranch & Western Town,,,,,,,,,,,,,,,,,,,,,,,,,,,,,,,,,,,,,,,,,,,,,,,,,,,,,,,,,,,,,,,,,,,,,,,,,,,,,,,,,,,,,,,
,,attraction,Woolworth Building,yes,Q217652,en:Woolworth Building,,,,,,,1913,120,,1087167,,,,,,,,,,,,Edificio Woolworth,,,,#DCD5B9,yes,,,,,,בניין וולוורת',Будинок Вулворт,concrete,,,,,,,Woolworth Building,,,,,,,,,,,,,,,,,,,,,,,,,,,,,,,,,,,,,,,,,,
,,attraction,World of Birds,yes,,,,,,,,,,16.0,,2116693,,,,,,,,,,,,,,,,,,,,,,,,,,,,,,,,,,,,,,,,,,,,,,,,,,,,,,,,,,,,,,,,,,,,,,,,,,
,,attraction,World of Reptiles,yes,,,,,,,,,,10.4,,2116695,,,,animal,,,,,,,,,,,,,,,,,,,,,,,,,,,,,,,,,,,,,,,,,,,,,,,,,,,,,,,,,,,,,,,,,,,,,,
,,attraction,World's Largest Kaleidoscope,,,,,,,,,,,,,,,,,,,,,,,,,,,,,,,,,,,,,,,,,,,,,,,,,,,,,,,,,,,,,,,,,,,,,,,,,,,,,,,,,,,,,,,
,,attraction,Wyckoff-Bennett Homestead,,,,,East 22nd Street,"1669 E 22nd St, Brooklyn, NY 11229",11229,Brooklyn,,,,NY,,,,,,,,,,,,,,,,,,,,,,,,,,,,,,,,,,,,,,,,,,,,,,,,,,,,,,,,,,,,,,,,,,,,,,,,,,,
,,attraction,,retail,,,,Ridge Road West,3340,14626,Rochester,,,,NY,,,,,,Adventure Landing,,,,,,,,,1,,,,,,,,,,,,,,,,,,,,,,,,,,,,,,,,,,,,,,,,,,,,,,,,,,,,,,,,,,,,
,,attraction,,yes,,,aircraft,,,,,,,,,,3,,,,,,,,,,,,,,,,,,,,,,,,,,,,,,,,,black,,,,,,,,,,,,,,,,,,,,,,,,,,,,,,,,,,,,,,,,
,,attraction,,yes,,,aircraft,,,,,,,,,,3,,,,,,,,,,,,,,,,,,,,,,,,,,,,,,,,,black,,,,,,,,,,,,,,,,,,,,,,,,,,,,,,,,,,,,,,,,
,,attraction,,yes,,,aircraft,,,,,,,,,,3,,,,,,,,,,,,,,,,,,,,,,,,,,,,,,,,,,,,,,,,,,,,,,,,,,,,,,,,,,,,,,,,,,,,,,,,,
,,attraction,,yes,,,aircraft,,,,,,,,,,3,,,,,,,,,,,,,,,,,,,,,,,,,,,,,,,,,,,,,,,,,,,,,,,,,,,,,,,,,,,,,,,,,,,,,,,,,
,,attraction,,yes,,,aircraft,,,,,,,,,,3,,,,,,,,,,,,,,,,,,,,,,,,,,,,,,,,,,,,,,,,,,,,,,,,,,,,,,,,,,,,,,,,,,,,,,,,,
,,attraction,,yes,,,aircraft,,,,,,,,,,3,,,,,,,,,,,,,,,,,,,,,,,,,,,,,,,,,,,,,,,,,,,,,,,,,,,,,,,,,,,,,,,,,,,,,,,,,
,,attraction,,yes,,,aircraft,,,,,,,,,,3,,,,,,,,,,,,,,,,,,,,,,,,,,,,,,,,,,,,,,,,,,,,,,,,,,,,,,,,,,,,,,,,,,,,,,,,,
,,attraction,,yes,,,helicopter,,,,,,,,,,3,,,,,,,,,,,,,,,,,,,,,,,,,,,,,,,,,,,,,,,,,,,,,,,,,,,,,,,,,,,,,,,,,,,,,,,,,
,,attraction,,yes,,,helicopter,,,,,,,,,,3,,,,,,,,,,,,,,,,,,,,,,,,,,,,,,,,,,,,,,,,,,,,,,,,,,,,,,,,,,,,,,,,,,,,,,,,,
,,attraction,,yes,,,helicopter,,,,,,,,,,3,,,,,,,,,,,,,,,,,,,,,,,,,,,,,,,,,,,,,,,,,,,,,,,,,,,,,,,,,,,,,,,,,,,,,,,,,
,,attraction,,,,,memorial,,,,,,,,,,,,,,"City of Rochester, NY",,,,,,,,,,,,,,,,,,,,,,,,,,,,,,,,,,,,,,,,,,,,,,,,,,,,,,,,,,,,,,,Heritage Trail,,,,,,
,,attraction,,,,,,,,,,,,,,,,,,artwork,,,,,,,,,,,,,,,,,,,,,,,,,,,,,,,,,,,,,,,,,,,,,,,,,,,,,,,,,,,,,,,,,,,,,,
,,attraction,,,,,,,,,,,,,,,,,,swing_carousel,,,,,,,,,,,,,,,,,,,,,,,,,,,,,,,,,,,,,,,,,,,,,,,,,,,,,,,,,,,,,,,,,,,,,,
,,attraction,,,,,,,,,,,,,,,,,,,,,,,,,,feery,,,,,,,,,,,,,,yes,,,,,,,,,,,,,,,yes,,,,,,,,,,,,,,,,,,pedestrian,,,,,,,,,,,,,,,
,,attraction,,,,,,,,,,,,,,,,,,,,,,,,,,,,,,,,,,,,,,,,,,,meadow,,,,,,,,,,,,,,,,,,,,,,,,,,,,,,,,,,,,,,,,,,,,,
,,attraction,,,,,,,,,,,,,,,,,,,,,,,,,,,,,,,,,,,,,,,,,,,recreation_ground,,,,,,,,,,,,,,,,,,,,,,,,,,,,,,,,,,,,,,,,,,,,,
,,attraction,,,,,,,,,,,,,,,,,,,,,,,,,,,,,,,,,,,,,,,,,,,,,,,,,,,,,,,,,,,,,,,,,,,,,,,,,,,,,,,,,,,,,,,,
,,attraction,,,,,,,,,,,,,,,,,,,,,,,,,,,,,,,,,,,,,,,,,,,,,,,,,,,,,,,,,,,,,,,,,,,,,,,,,,,,,,,,,,,,,,,,
,,attraction,,,,,,,,,,,,,,,,,,,,,,,,,,,,,,,,,,,,,,,,,,,,,,,,,,,,,,,,,,,,,,,,,,,,,,,,,,,,,,,,,,,,,,,,
,,attraction,,,,,,,,,,,,,,,,,,,,,,,,,,,,,,,,,,,,,,,,,,,,,,,,,,,,,,,,,,,,,,,,,,,,,,,,,,,,,,,,,,,,,,,,
,,attraction,,,,,,,,,,,,,,,,,,,,,,,,,,,,,,,,,,,,,,,,,,,,,,,,,,,,,,,,,,,,,,,,,,,,,,,,,,,,,,,,,,,,,,,,
,,attraction,,,,,,,,,,,,,,,,,,,,,,,,,,,,,,,,,,,,,,,,,,,,,,,,,,,,,,,,,,,,,,,,,,,,,,,,,,,,,,,,,,,,,,,,
,,attraction,,,,,,,,,,,,,,,,,,,,,,,,,,,,,,,,,,,,,,,,,,,,,,,,,,,,,,,,,,,,,,,,,,,,,,,,,,,,,,,,,,,,,,,,
,,attraction,,,,,,,,,,,,,,,,,,,,,,,,,,,,,,,,,,,,,,,,,,,,,,,,,,,,,,,,,,,,,,,,,,,,,,,,,,,,,,,,,,,,,,,,
,,attraction,,,,,,,,,,,,,,,,,,,,,,,,,,,,,,,,,,,,,,,,,,,,,,,,,,,,,,,,,,,,,,,,,,,,,,,,,,,,,,,,,,,,,,,,
